Gerçek,Tahmin,Phishing_Olasılık,Legitimate_Olasılık,Doğru
-1,-1,0.9886192395979296,0.011380760402070398,True
-1,-1,0.9958033048725755,0.0041966951274245426,True
-1,-1,0.997973056812463,0.002026943187537098,True
-1,-1,0.997387371641813,0.002612628358187034,True
1,1,0.06765799991974308,0.9323420000802569,True
1,1,0.0020031944271403646,0.9979968055728596,True
-1,-1,0.9988560021313215,0.0011439978686784362,True
1,1,0.005281266771544169,0.9947187332284558,True
-1,1,0.20261786472401355,0.7973821352759864,False
-1,-1,0.9796922234954749,0.020307776504525036,True
-1,-1,0.9995585730357762,0.00044142696422383334,True
1,1,0.01833072472228947,0.9816692752777105,True
-1,-1,0.9981251491290178,0.0018748508709821412,True
1,1,0.0007796379096851602,0.9992203620903148,True
-1,-1,0.8565095407829801,0.14349045921701986,True
1,-1,0.6556795603259848,0.3443204396740151,False
1,1,0.0010776649963838425,0.9989223350036162,True
1,-1,0.7159977765352826,0.2840022234647174,False
1,1,0.0033095522936021915,0.9966904477063978,True
1,1,0.0701247239595062,0.9298752760404938,True
-1,-1,0.9945693213071504,0.005430678692849646,True
1,1,0.010671923557445062,0.9893280764425549,True
-1,-1,0.998835335462685,0.0011646645373149989,True
-1,-1,0.9756343800478875,0.02436561995211248,True
-1,-1,0.9674931292999497,0.03250687070005028,True
-1,-1,0.9991873987856467,0.0008126012143533613,True
-1,-1,0.9997828012539832,0.00021719874601682431,True
1,1,0.012768648761345203,0.9872313512386548,True
1,1,0.0014619924596225298,0.9985380075403775,True
-1,-1,0.999711849650282,0.000288150349717976,True
-1,-1,0.8620438387065656,0.13795616129343435,True
1,1,0.0005785081121565394,0.9994214918878435,True
1,1,0.0018160972364776873,0.9981839027635223,True
1,1,0.0022131253459072298,0.9977868746540928,True
-1,-1,0.9981984887240088,0.001801511275991137,True
1,1,0.004180465364414299,0.9958195346355857,True
-1,-1,0.9997627688109015,0.00023723118909850144,True
1,1,0.014784479533952122,0.9852155204660479,True
1,1,0.010502067166289542,0.9894979328337105,True
1,1,0.0022815477667365025,0.9977184522332635,True
-1,-1,0.9992627353036228,0.0007372646963772193,True
1,1,0.003526824707096199,0.9964731752929038,True
1,1,0.05087274501800343,0.9491272549819966,True
-1,-1,0.9996024762012449,0.0003975237987551813,True
1,-1,0.7104699796257621,0.2895300203742379,False
-1,-1,0.9997284307043107,0.00027156929568925595,True
-1,-1,0.9987600535139887,0.0012399464860113796,True
-1,-1,0.870310136208648,0.129689863791352,True
1,1,0.07071132120506507,0.9292886787949349,True
1,1,0.01846824775449385,0.9815317522455062,True
1,1,0.007177480411960757,0.9928225195880392,True
-1,-1,0.9995625295498065,0.00043747045019351915,True
1,1,0.004386577875367115,0.9956134221246329,True
-1,-1,0.9858572922858133,0.014142707714186657,True
1,1,0.06425253193388114,0.9357474680661189,True
1,1,0.0021006080819856443,0.9978993919180144,True
-1,-1,0.9995829188634461,0.0004170811365539573,True
-1,-1,0.9354508659967486,0.06454913400325131,True
1,1,0.00484670587875935,0.9951532941212407,True
-1,-1,0.9981869980380583,0.0018130019619417034,True
-1,-1,0.9963731418537219,0.003626858146278056,True
-1,-1,0.9683840228760207,0.03161597712397937,True
-1,-1,0.9998308462248985,0.00016915377510147095,True
-1,-1,0.9994946273127975,0.000505372687202531,True
1,1,0.00030414627527519666,0.9996958537247248,True
1,1,0.11175551084960766,0.8882444891503923,True
-1,-1,0.9976508494376737,0.002349150562326363,True
-1,-1,0.9988874909533026,0.0011125090466973825,True
1,1,0.002471339289207841,0.9975286607107922,True
1,1,0.0021402918652920766,0.9978597081347079,True
-1,1,0.4854104943768712,0.5145895056231288,False
-1,-1,0.9966571076461144,0.00334289235388563,True
1,1,0.020774631599409177,0.9792253684005908,True
-1,-1,0.9981518261943837,0.0018481738056162756,True
1,1,0.07583440776390693,0.9241655922360931,True
1,1,0.002354903870454561,0.9976450961295454,True
-1,-1,0.9989661206279788,0.001033879372021178,True
-1,-1,0.9787856450337722,0.021214354966227762,True
1,1,0.007769379876483518,0.9922306201235165,True
-1,-1,0.9995425551111377,0.0004574448888623171,True
-1,-1,0.9855980819157014,0.014401918084298575,True
-1,-1,0.9997793805279338,0.0002206194720661753,True
1,1,0.004666193073127212,0.9953338069268728,True
1,1,0.011377255935076103,0.9886227440649239,True
1,1,0.004500483626025287,0.9954995163739747,True
-1,-1,0.9961210953386769,0.003878904661323144,True
1,-1,0.7346563235518898,0.2653436764481102,False
-1,-1,0.9955816972017496,0.0044183027982503805,True
-1,-1,0.9973424118011073,0.002657588198892709,True
1,1,0.13862929243587352,0.8613707075641265,True
1,1,0.06835980691501742,0.9316401930849826,True
1,1,0.0039393669954653765,0.9960606330045346,True
-1,-1,0.9992201162196179,0.0007798837803820673,True
-1,-1,0.9989823323642512,0.0010176676357487975,True
1,1,0.004955873234144148,0.9950441267658559,True
1,1,0.028913602180416165,0.9710863978195838,True
1,1,0.026581115147885415,0.9734188848521146,True
1,1,0.15284623097788863,0.8471537690221114,True
1,1,0.018585542754881,0.981414457245119,True
1,-1,0.7173294179942913,0.28267058200570866,False
-1,-1,0.9992064285818025,0.0007935714181974567,True
-1,-1,0.9996582158600744,0.00034178413992555745,True
-1,-1,0.9510508483203778,0.048949151679622264,True
-1,-1,0.9995762121978825,0.00042378780211752476,True
-1,-1,0.9994629106202372,0.0005370893797628461,True
-1,-1,0.6649144422216721,0.33508555777832794,True
1,1,0.0037280952357461317,0.9962719047642539,True
-1,-1,0.9753936912507976,0.024606308749202405,True
-1,-1,0.9998042109893485,0.00019578901065157706,True
-1,-1,0.9996721111609641,0.00032788883903591944,True
-1,-1,0.9984115976169152,0.0015884023830847927,True
1,1,0.18923165354108773,0.8107683464589123,True
1,1,0.03585470284717385,0.9641452971528262,True
-1,-1,0.9985826864708208,0.0014173135291791832,True
1,1,0.002586667647353824,0.9974133323526462,True
-1,-1,0.9978060457820214,0.0021939542179786383,True
1,1,0.0020179498374536253,0.9979820501625464,True
-1,-1,0.9994330793577827,0.0005669206422172757,True
-1,-1,0.9733326468128275,0.0266673531871725,True
1,1,0.0005407473385898864,0.9994592526614101,True
1,1,0.0005876320924743661,0.9994123679075256,True
-1,-1,0.9988712531307637,0.0011287468692362328,True
-1,-1,0.99592099927358,0.004079000726419971,True
-1,-1,0.9939768175013981,0.006023182498601889,True
-1,1,0.28350641355620787,0.7164935864437921,False
1,1,0.0013682480874133152,0.9986317519125867,True
1,1,0.01345759029715865,0.9865424097028413,True
1,1,0.013305332520170299,0.9866946674798297,True
-1,-1,0.999818646733359,0.0001813532666410098,True
1,1,0.003584841273755912,0.9964151587262441,True
1,1,0.033752378036774666,0.9662476219632253,True
-1,1,0.09525966539037645,0.9047403346096236,False
-1,-1,0.7854711244343723,0.21452887556562775,True
-1,-1,0.9991983695365232,0.0008016304634767825,True
-1,-1,0.9992701860289412,0.000729813971058733,True
-1,-1,0.840519909636539,0.15948009036346095,True
-1,-1,0.9815419029197309,0.01845809708026911,True
1,1,0.0013435074250468526,0.9986564925749531,True
-1,-1,0.9773942682660475,0.022605731733952476,True
-1,-1,0.9993087469926157,0.0006912530073842496,True
1,1,0.01024285477716158,0.9897571452228384,True
1,1,0.002883451463740916,0.9971165485362591,True
-1,-1,0.9976319851822396,0.002368014817760344,True
-1,-1,0.9995524727460656,0.0004475272539344268,True
-1,-1,0.9994734701192787,0.0005265298807213481,True
1,1,0.154812774955557,0.845187225044443,True
-1,-1,0.9245800618666279,0.07541993813337211,True
1,1,0.004561643027039319,0.9954383569729607,True
1,1,0.003469079455487023,0.996530920544513,True
1,1,0.49184374216098625,0.5081562578390137,True
-1,-1,0.9989343952552053,0.0010656047447947037,True
1,1,0.31771936056500094,0.6822806394349991,True
-1,-1,0.9992642133487055,0.0007357866512944938,True
1,1,0.08655021058165446,0.9134497894183455,True
-1,-1,0.9190374742594523,0.08096252574054773,True
1,1,0.020324411046306334,0.9796755889536937,True
1,1,0.002841260414408131,0.9971587395855919,True
1,1,0.003786771047872728,0.9962132289521273,True
-1,-1,0.9994739006681349,0.0005260993318651346,True
-1,-1,0.9981297266209781,0.0018702733790218506,True
-1,-1,0.9998795409121262,0.00012045908787387629,True
-1,-1,0.9998549720297701,0.0001450279702298885,True
-1,-1,0.9228859588391838,0.07711404116081626,True
-1,-1,0.9997357988371423,0.0002642011628577054,True
-1,-1,0.9875819273691638,0.012418072630836172,True
-1,-1,0.7002997633116532,0.29970023668834683,True
1,1,0.002073055765599241,0.9979269442344008,True
1,1,0.05374986395080539,0.9462501360491946,True
-1,-1,0.589547127161609,0.41045287283839105,True
1,1,0.003408627150568555,0.9965913728494314,True
-1,-1,0.9934550280479831,0.0065449719520168535,True
1,1,0.015204556628040655,0.9847954433719593,True
-1,-1,0.9980157849479292,0.0019842150520708386,True
-1,-1,0.9992751301888857,0.0007248698111143317,True
-1,-1,0.9962391082761513,0.0037608917238487498,True
1,1,0.0071712608382250576,0.9928287391617749,True
-1,-1,0.9998186617424589,0.00018133825754105523,True
-1,-1,0.552592682830248,0.447407317169752,True
1,1,0.47999147793475927,0.5200085220652407,True
-1,1,0.2953974293459283,0.7046025706540717,False
1,1,0.02949377757284244,0.9705062224271576,True
-1,-1,0.9889882024256595,0.0110117975743405,True
1,1,0.025379150387244254,0.9746208496127557,True
1,1,0.001972827782245945,0.998027172217754,True
1,1,0.04842854261803309,0.9515714573819669,True
-1,-1,0.9992933932570947,0.0007066067429053097,True
-1,-1,0.9832305791103869,0.01676942088961309,True
-1,1,0.3572265211325314,0.6427734788674686,False
-1,-1,0.9989370951028329,0.0010629048971670474,True
-1,1,0.29425390506235116,0.7057460949376488,False
1,1,0.0007519647117510964,0.9992480352882489,True
1,1,0.003968930902561563,0.9960310690974384,True
-1,-1,0.9996559568398903,0.00034404316010972836,True
-1,-1,0.8013609757411906,0.1986390242588094,True
1,1,0.014867447828240343,0.9851325521717597,True
-1,-1,0.9996869447337727,0.00031305526622721575,True
-1,-1,0.9997356772561283,0.00026432274387170224,True
-1,-1,0.9984122451382975,0.001587754861702431,True
-1,-1,0.9747274280168527,0.025272571983147276,True
-1,-1,0.9989204945700445,0.001079505429955473,True
-1,-1,0.979220072154679,0.02077992784532098,True
-1,-1,0.9947866301713707,0.005213369828629273,True
1,1,0.010895486471553473,0.9891045135284465,True
1,1,0.0007486388997560711,0.9992513611002439,True
-1,-1,0.9996924811671556,0.00030751883284445687,True
-1,-1,0.9528548022337872,0.047145197766212885,True
-1,-1,0.9990657783051574,0.0009342216948425518,True
-1,-1,0.9997172414520514,0.000282758547948601,True
1,1,0.003357329041010493,0.9966426709589895,True
-1,-1,0.9989411954709101,0.0010588045290898735,True
1,1,0.05489752828947647,0.9451024717105235,True
1,1,0.02254415894399142,0.9774558410560086,True
1,1,0.005237789230861822,0.9947622107691382,True
1,1,0.012031496217069004,0.987968503782931,True
1,1,0.08091705032169272,0.9190829496783073,True
1,1,0.2169962921976747,0.7830037078023253,True
-1,-1,0.8580203766447247,0.14197962335527523,True
-1,-1,0.998176520519492,0.0018234794805079323,True
1,1,0.04442153827146078,0.9555784617285392,True
1,1,0.0014964487506884394,0.9985035512493116,True
1,1,0.020395413686681407,0.9796045863133186,True
-1,-1,0.9793308146712758,0.020669185328724218,True
-1,-1,0.9993839749496197,0.000616025050380235,True
-1,-1,0.7882775636227253,0.21172243637727467,True
1,1,0.19446760778496996,0.80553239221503,True
1,1,0.001019287732024532,0.9989807122679755,True
-1,-1,0.9998898406672089,0.00011015933279116561,True
-1,-1,0.9997796140079621,0.00022038599203786467,True
-1,-1,0.5752389725678465,0.4247610274321535,True
-1,-1,0.9996872500054607,0.0003127499945392932,True
1,1,0.0021605935269384258,0.9978394064730616,True
1,1,0.04408875458665906,0.9559112454133409,True
-1,-1,0.9994209464380462,0.0005790535619538031,True
1,1,0.0014337148101057906,0.9985662851898942,True
-1,-1,0.9988576980672038,0.0011423019327961306,True
1,1,0.009355573170254816,0.9906444268297452,True
1,1,0.12450234769999358,0.8754976523000064,True
1,1,0.05358812100439281,0.9464118789956072,True
-1,-1,0.997595824846167,0.002404175153832949,True
-1,-1,0.9906638113793295,0.009336188620670571,True
-1,-1,0.9998570113929176,0.0001429886070824009,True
-1,-1,0.9983080316009535,0.0016919683990465587,True
1,1,0.009903019917077427,0.9900969800829226,True
-1,-1,0.9681762202188199,0.031823779781180075,True
-1,-1,0.9992445736373607,0.0007554263626393045,True
1,1,0.002004268467374115,0.9979957315326259,True
1,1,0.0028371286333758183,0.9971628713666242,True
1,1,0.04322466945610137,0.9567753305438986,True
-1,-1,0.5872064233102143,0.4127935766897857,True
1,1,0.011671182587318918,0.9883288174126811,True
1,1,0.0005798638197949124,0.9994201361802051,True
1,1,0.002433619068048176,0.9975663809319518,True
1,1,0.01784181370564153,0.9821581862943585,True
-1,-1,0.5890330607044083,0.41096693929559175,True
-1,-1,0.5822183932779235,0.41778160672207654,True
-1,-1,0.9994758185343147,0.0005241814656853053,True
-1,-1,0.9995586288522951,0.000441371147704923,True
-1,-1,0.8793079739765203,0.12069202602347975,True
1,1,0.004482465706069916,0.9955175342939301,True
1,1,0.00836718602403419,0.9916328139759658,True
1,1,0.0009287207435944023,0.9990712792564056,True
-1,-1,0.9988028287954235,0.001197171204576566,True
1,1,0.00430314481976124,0.9956968551802388,True
-1,-1,0.9998179599569831,0.00018204004301688377,True
1,1,0.018520609308452896,0.9814793906915471,True
-1,-1,0.9691232352443139,0.03087676475568613,True
1,1,0.26316786244667145,0.7368321375533285,True
1,1,0.043256485246870424,0.9567435147531296,True
1,1,0.007622962790338805,0.9923770372096612,True
-1,-1,0.99921865015006,0.0007813498499400428,True
1,1,0.014622077413800838,0.9853779225861992,True
1,1,0.0645037665385858,0.9354962334614142,True
-1,-1,0.9912454738673748,0.00875452613262518,True
-1,-1,0.9947051234729908,0.005294876527009254,True
-1,-1,0.9985677149255452,0.0014322850744547893,True
-1,-1,0.9398459071567142,0.0601540928432858,True
-1,-1,0.99979713588723,0.00020286411277006109,True
-1,-1,0.5267417226474113,0.47325827735258874,True
1,1,0.031536990001724496,0.9684630099982755,True
-1,-1,0.9979238886223759,0.002076111377624124,True
1,1,0.0019134808772989231,0.9980865191227011,True
1,1,0.003474481529138429,0.9965255184708616,True
1,-1,0.5016739307993263,0.4983260692006736,False
-1,-1,0.9987765692570255,0.0012234307429745022,True
-1,1,0.11104920110853966,0.8889507988914603,False
1,1,0.011976407370588471,0.9880235926294115,True
1,1,0.0008237320733932574,0.9991762679266067,True
1,1,0.005694503361003522,0.9943054966389965,True
1,1,0.017298868587751093,0.9827011314122489,True
1,1,0.002985376303692888,0.9970146236963071,True
-1,-1,0.9995025271048024,0.0004974728951975875,True
1,1,0.012454928013976962,0.987545071986023,True
-1,-1,0.9973725251771628,0.002627474822837199,True
-1,-1,0.7542613531751565,0.24573864682484353,True
-1,-1,0.9996547853131185,0.00034521468688151303,True
-1,-1,0.999300692675847,0.0006993073241530198,True
1,1,0.018722127783711184,0.9812778722162888,True
1,1,0.0023868352161008355,0.9976131647838992,True
1,1,0.1638239492888245,0.8361760507111755,True
-1,-1,0.5902348396491415,0.4097651603508585,True
-1,-1,0.9997951516216833,0.00020484837831673535,True
-1,-1,0.9979411749297616,0.002058825070238307,True
1,1,0.0014869538228570178,0.998513046177143,True
-1,-1,0.9907810982508792,0.009218901749120783,True
-1,-1,0.9991538386260013,0.0008461613739987492,True
-1,-1,0.9997747521941631,0.00022524780583684463,True
1,1,0.04401276513028385,0.9559872348697162,True
-1,-1,0.9988497510714355,0.0011502489285645648,True
-1,-1,0.9994032776486064,0.0005967223513936809,True
1,1,0.0025818375583359643,0.997418162441664,True
1,1,0.0006825281104960723,0.9993174718895039,True
-1,-1,0.9991073846213789,0.0008926153786210871,True
-1,-1,0.9998801445471605,0.00011985545283957976,True
-1,-1,0.9997378939340195,0.00026210606598053225,True
-1,1,0.00960294625764635,0.9903970537423537,False
1,1,0.0029036728691390623,0.9970963271308609,True
-1,-1,0.9640830166484572,0.0359169833515428,True
1,1,0.0012013143652380709,0.9987986856347619,True
1,1,0.0016927938668784837,0.9983072061331215,True
-1,-1,0.9985917807580813,0.001408219241918669,True
-1,-1,0.996461632927761,0.0035383670722389463,True
1,1,0.0027096655755637356,0.9972903344244363,True
1,1,0.0012955949546877843,0.9987044050453122,True
1,1,0.020569401423517264,0.9794305985764827,True
1,1,0.0021875695582996846,0.9978124304417003,True
-1,-1,0.9992127994625277,0.000787200537472298,True
-1,-1,0.9995889908585854,0.00041100914141460604,True
1,1,0.005740152690764999,0.994259847309235,True
1,-1,0.6531405305323641,0.34685946946763585,False
-1,-1,0.9994665680334993,0.0005334319665007123,True
-1,-1,0.8682988010776629,0.13170119892233714,True
-1,-1,0.9996109027014198,0.00038909729858011786,True
-1,-1,0.9996689195633798,0.00033108043662020346,True
-1,-1,0.9979960312027012,0.0020039687972987865,True
1,1,0.0007603030395764154,0.9992396969604236,True
-1,-1,0.9993532597402504,0.0006467402597496269,True
1,1,0.0022571166915426044,0.9977428833084574,True
1,1,0.0008299890210192729,0.9991700109789807,True
-1,-1,0.9059695433606223,0.09403045663937765,True
1,1,0.008079923424970992,0.991920076575029,True
-1,-1,0.9956882005271224,0.0043117994728776865,True
1,1,0.0044783786036654005,0.9955216213963346,True
-1,-1,0.9771204452135076,0.022879554786492437,True
-1,-1,0.9956501878164918,0.00434981218350815,True
-1,-1,0.999639217697768,0.000360782302232014,True
-1,-1,0.997357217323486,0.00264278267651401,True
-1,-1,0.9438190153342747,0.05618098466572531,True
1,1,0.009780202098004565,0.9902197979019954,True
-1,-1,0.9983704390108599,0.001629560989140147,True
-1,-1,0.9973760013666417,0.0026239986333582523,True
-1,-1,0.9995208382407959,0.0004791617592041231,True
-1,-1,0.9997218642467136,0.00027813575328640845,True
-1,-1,0.9996971488437166,0.0003028511562834099,True
-1,-1,0.7248593675744539,0.27514063242554615,True
-1,-1,0.9997675360956538,0.0002324639043462045,True
-1,-1,0.996259577855801,0.0037404221441990457,True
-1,-1,0.9095490778236627,0.09045092217633732,True
-1,-1,0.9952915694202508,0.004708430579749279,True
-1,-1,0.762535388640232,0.237464611359768,True
-1,-1,0.9993068280826295,0.0006931719173705394,True
1,1,0.01232060088758391,0.9876793991124161,True
1,1,0.002236367409266249,0.9977636325907338,True
-1,-1,0.9997410718991079,0.0002589281008920805,True
1,1,0.015002686198532511,0.9849973138014675,True
-1,-1,0.998850653600677,0.0011493463993229557,True
-1,-1,0.9997585956036255,0.00024140439637455324,True
1,1,0.27570146595608824,0.7242985340439118,True
1,-1,0.8811035433502058,0.11889645664979422,False
-1,1,0.13528072224412857,0.8647192777558714,False
-1,-1,0.8777020940757307,0.12229790592426926,True
1,1,0.013669395311690646,0.9863306046883094,True
-1,1,0.27587167777551835,0.7241283222244816,False
-1,-1,0.9416638198063219,0.05833618019367815,True
1,1,0.004701637183488039,0.995298362816512,True
1,1,0.00465202411872645,0.9953479758812736,True
-1,-1,0.999622957940153,0.00037704205984706097,True
-1,1,0.34815315899060506,0.6518468410093949,False
-1,-1,0.9997363009398617,0.00026369906013839106,True
1,1,0.003869450655133111,0.9961305493448669,True
-1,-1,0.9889310494909483,0.011068950509051604,True
1,1,0.164462059935084,0.835537940064916,True
1,1,0.030409160738193997,0.969590839261806,True
-1,-1,0.9978348525475732,0.002165147452426835,True
-1,-1,0.9996042182358936,0.00039578176410632796,True
-1,-1,0.9996375991096594,0.0003624008903405768,True
-1,-1,0.9174022920312804,0.08259770796871954,True
-1,1,0.4873917817221206,0.5126082182778794,False
-1,-1,0.9417309260110833,0.05826907398891663,True
1,1,0.006569344306218805,0.9934306556937812,True
-1,-1,0.9998415535278911,0.00015844647210899615,True
-1,-1,0.9991537784925234,0.0008462215074766036,True
1,1,0.09340529555495691,0.9065947044450431,True
-1,-1,0.9234668703310744,0.07653312966892557,True
-1,-1,0.9995258017121613,0.0004741982878387086,True
1,1,0.0036499059183572324,0.9963500940816428,True
-1,-1,0.9971287489948913,0.0028712510051086652,True
-1,-1,0.9984467238388898,0.0015532761611102603,True
1,1,0.012058458587187681,0.9879415414128123,True
1,1,0.001771577656992429,0.9982284223430076,True
-1,-1,0.9886751258833554,0.011324874116644656,True
-1,-1,0.9989309391807318,0.0010690608192681788,True
-1,-1,0.9996695526177528,0.00033044738224714305,True
1,1,0.030607526913781324,0.9693924730862187,True
-1,-1,0.9987991777757538,0.001200822224246207,True
-1,-1,0.7546955337323984,0.24530446626760155,True
1,1,0.010348691190961934,0.9896513088090381,True
1,1,0.060612032651976566,0.9393879673480234,True
1,1,0.021080103051371757,0.9789198969486282,True
-1,-1,0.9909505456289,0.009049454371100038,True
1,1,0.003196986003104918,0.9968030139968951,True
-1,1,0.23298217199121218,0.7670178280087878,False
-1,-1,0.9994091244704488,0.0005908755295512077,True
1,1,0.002304584748928029,0.997695415251072,True
1,1,0.0027862555416282575,0.9972137444583717,True
-1,-1,0.9988161770248166,0.0011838229751834305,True
1,1,0.0406679436388494,0.9593320563611506,True
1,1,0.0015367210402716935,0.9984632789597283,True
-1,-1,0.9926114176115739,0.007388582388426124,True
1,1,0.004238037584396892,0.9957619624156031,True
-1,-1,0.9993857904169166,0.000614209583083427,True
1,1,0.005900473976147236,0.9940995260238528,True
1,1,0.054328390544779115,0.9456716094552209,True
-1,-1,0.8547414697549367,0.14525853024506327,True
1,-1,0.8293520539817485,0.17064794601825153,False
1,1,0.006412276597272837,0.9935877234027272,True
-1,-1,0.9997291623921111,0.0002708376078889648,True
1,1,0.0016530823212439483,0.998346917678756,True
1,1,0.002501316685363131,0.9974986833146369,True
-1,-1,0.9880873746623555,0.011912625337644447,True
-1,-1,0.9994573264079143,0.0005426735920856612,True
-1,-1,0.9674485672925608,0.03255143270743918,True
1,1,0.005494978672589634,0.9945050213274104,True
1,1,0.007774444306498651,0.9922255556935013,True
1,1,0.10481157378000994,0.8951884262199901,True
1,1,0.03820864584974859,0.9617913541502514,True
1,1,0.05718954329489412,0.9428104567051059,True
1,1,0.0006194432365749236,0.9993805567634251,True
1,1,0.0011984453165247988,0.9988015546834752,True
1,1,0.009392932227683892,0.9906070677723161,True
1,1,0.051820134756801695,0.9481798652431983,True
1,1,0.29862264523847615,0.7013773547615239,True
1,1,0.021960729629921127,0.9780392703700789,True
1,1,0.4530669721611448,0.5469330278388552,True
-1,-1,0.9996917259806993,0.00030827401930064196,True
1,1,0.0037856918500337455,0.9962143081499663,True
1,1,0.17991554770196794,0.8200844522980321,True
-1,-1,0.999420686754364,0.00057931324563595,True
1,1,0.009586856426262225,0.9904131435737378,True
1,1,0.0036895035395495546,0.9963104964604504,True
-1,-1,0.9987314310800846,0.0012685689199154388,True
1,1,0.004227700669065637,0.9957722993309344,True
-1,-1,0.9988251085615977,0.0011748914384023424,True
-1,-1,0.9982057884106591,0.001794211589340917,True
1,1,0.1000218632014589,0.8999781367985411,True
-1,-1,0.8281498377253714,0.17185016227462857,True
-1,-1,0.9981150758695003,0.0018849241304997012,True
1,1,0.015592028073914466,0.9844079719260855,True
1,1,0.008052427224597203,0.9919475727754028,True
1,1,0.0028229004054358686,0.9971770995945641,True
-1,-1,0.9976605984291098,0.0023394015708902167,True
1,1,0.001031015521011036,0.998968984478989,True
-1,-1,0.677724679643098,0.322275320356902,True
1,1,0.0036094269747384278,0.9963905730252616,True
-1,-1,0.9975558976437466,0.002444102356253389,True
1,1,0.017709064804631525,0.9822909351953685,True
-1,-1,0.673926101287148,0.32607389871285203,True
1,1,0.00808923505614656,0.9919107649438534,True
-1,-1,0.9992883436964728,0.0007116563035272317,True
1,1,0.0007989468082312268,0.9992010531917688,True
1,1,0.0219619735494907,0.9780380264505093,True
-1,-1,0.9991325540405708,0.0008674459594292012,True
-1,-1,0.9986339371677092,0.0013660628322907746,True
-1,-1,0.9980652803407998,0.001934719659200184,True
1,1,0.003133989472637655,0.9968660105273623,True
1,1,0.003171061995057456,0.9968289380049425,True
1,1,0.009656910464414858,0.9903430895355851,True
1,1,0.003232159365872289,0.9967678406341277,True
1,1,0.00900883617298609,0.9909911638270139,True
1,1,0.006079700538577759,0.9939202994614222,True
-1,-1,0.9999175057225739,8.249427742607922e-05,True
-1,-1,0.9994937593740102,0.0005062406259897558,True
-1,-1,0.5826204275814775,0.4173795724185226,True
-1,-1,0.996226346850337,0.003773653149663056,True
1,1,0.008701566555602946,0.991298433444397,True
1,1,0.025315553588807438,0.9746844464111926,True
-1,-1,0.9888710145592504,0.011128985440749545,True
-1,-1,0.9995111302184,0.0004888697816000186,True
1,1,0.005728851079637054,0.994271148920363,True
1,1,0.03299835780420346,0.9670016421957965,True
1,1,0.008483561896924785,0.9915164381030752,True
-1,-1,0.7723235694832329,0.22767643051676711,True
-1,-1,0.9989866382652601,0.0010133617347398533,True
1,1,0.005153105240332301,0.9948468947596677,True
-1,-1,0.9991229320992263,0.0008770679007736626,True
-1,-1,0.9990154469720078,0.000984553027992156,True
1,1,0.3007788915987546,0.6992211084012454,True
1,1,0.0021475818065509467,0.997852418193449,True
1,1,0.0014066050687892018,0.9985933949312108,True
1,1,0.00678897988653282,0.9932110201134672,True
-1,-1,0.9977340891522892,0.0022659108477107977,True
-1,-1,0.9981671732750735,0.001832826724926458,True
-1,-1,0.9924809071405759,0.007519092859424067,True
-1,-1,0.9998308462248985,0.00016915377510147095,True
-1,-1,0.9986576948689055,0.0013423051310944357,True
1,1,0.003532572475504314,0.9964674275244957,True
1,1,0.026364523636642212,0.9736354763633578,True
-1,-1,0.999853074589484,0.00014692541051602765,True
-1,-1,0.9982505837279224,0.0017494162720775859,True
-1,-1,0.99955544693829,0.0004445530617100237,True
-1,-1,0.9994872464586916,0.0005127535413084197,True
1,1,0.3172577848132948,0.6827422151867052,True
-1,-1,0.9986552370502094,0.0013447629497906298,True
-1,-1,0.9994404157026509,0.0005595842973491588,True
1,1,0.13297082557421203,0.867029174425788,True
1,1,0.002030519164842981,0.997969480835157,True
1,1,0.02247326632595259,0.9775267336740474,True
-1,-1,0.9970685319051511,0.002931468094848882,True
-1,-1,0.9996943333259495,0.00030566667405047853,True
1,1,0.017693618855081694,0.9823063811449183,True
1,1,0.01615688758475764,0.9838431124152424,True
1,1,0.001048487857334468,0.9989515121426655,True
1,1,0.1595587964321442,0.8404412035678558,True
-1,-1,0.9998792880613198,0.00012071193868022504,True
-1,-1,0.9457235687753879,0.05427643122461216,True
-1,-1,0.7180617178247066,0.2819382821752933,True
-1,-1,0.9994038222641866,0.0005961777358133906,True
-1,-1,0.9996706169650267,0.00032938303497331416,True
-1,-1,0.9996841806656181,0.00031581933438190303,True
-1,-1,0.9989001645374571,0.0010998354625428406,True
-1,-1,0.998644603198393,0.0013553968016069603,True
-1,-1,0.9985685151146296,0.0014314848853703658,True
-1,-1,0.9771103622989853,0.022889637701014695,True
1,1,0.0036772633646555697,0.9963227366353444,True
-1,-1,0.9981942276840967,0.001805772315903329,True
1,1,0.013346988606934285,0.9866530113930657,True
-1,-1,0.9996305275831195,0.000369472416880404,True
1,1,0.0023161966650356858,0.9976838033349643,True
1,1,0.3373338954721826,0.6626661045278174,True
-1,-1,0.99443941730433,0.005560582695669999,True
-1,-1,0.9991198062683436,0.0008801937316563622,True
-1,-1,0.9984659238751771,0.001534076124822899,True
1,1,0.026694273617174358,0.9733057263828256,True
1,1,0.013268480232270341,0.9867315197677297,True
-1,-1,0.6962608444893372,0.3037391555106628,True
1,1,0.0017771637194909928,0.998222836280509,True
1,1,0.002885357604140215,0.9971146423958598,True
1,1,0.06642998231834918,0.9335700176816508,True
1,1,0.035567573948922626,0.9644324260510774,True
1,1,0.02283131421551754,0.9771686857844825,True
-1,-1,0.9904455214775073,0.009554478522492691,True
1,1,0.25917528628157016,0.7408247137184298,True
1,1,0.0044385586077656525,0.9955614413922343,True
-1,-1,0.9103593396175461,0.0896406603824539,True
1,1,0.2963321840908065,0.7036678159091935,True
-1,-1,0.9998245225489445,0.00017547745105548357,True
1,1,0.026556658535140443,0.9734433414648596,True
1,1,0.0015169660953215924,0.9984830339046784,True
-1,-1,0.9997330588979145,0.0002669411020854465,True
-1,-1,0.9995351978446119,0.00046480215538807995,True
-1,1,0.31588537783599346,0.6841146221640065,False
1,1,0.0579127520305841,0.9420872479694159,True
1,1,0.0006488245541750315,0.999351175445825,True
1,1,0.06846601659780682,0.9315339834021932,True
1,1,0.03581288344344313,0.9641871165565569,True
-1,-1,0.9980564470614636,0.0019435529385363995,True
1,1,0.006784298205482098,0.9932157017945179,True
1,1,0.004946681853985835,0.9950533181460142,True
-1,1,0.305228406329754,0.694771593670246,False
-1,-1,0.9972018605759821,0.0027981394240178523,True
-1,-1,0.559682283126267,0.440317716873733,True
-1,-1,0.983351488273825,0.01664851172617494,True
-1,-1,0.9996412457396785,0.00035875426032148976,True
1,1,0.003501093052011517,0.9964989069479885,True
1,1,0.02108813852740954,0.9789118614725905,True
-1,-1,0.998182729469004,0.0018172705309959767,True
-1,-1,0.9986378670439434,0.001362132956056634,True
1,1,0.0007254552022853966,0.9992745447977146,True
-1,-1,0.6494277020065399,0.3505722979934601,True
-1,-1,0.9996752565243668,0.0003247434756332136,True
1,1,0.0007021366189343681,0.9992978633810656,True
1,1,0.002494718933724105,0.9975052810662759,True
1,1,0.028469290390693902,0.9715307096093061,True
-1,-1,0.9995057297879543,0.0004942702120456839,True
1,1,0.003690531091694371,0.9963094689083056,True
1,1,0.004169607681335785,0.9958303923186642,True
-1,-1,0.9965037593044036,0.0034962406955963686,True
1,1,0.08782276247576559,0.9121772375242344,True
-1,-1,0.9995924274174732,0.00040757258252677457,True
-1,-1,0.9989500604653467,0.0010499395346532886,True
1,1,0.10002980001206296,0.899970199987937,True
-1,-1,0.9993753511731694,0.0006246488268305535,True
-1,-1,0.9969002040018452,0.0030997959981547874,True
-1,-1,0.9990568640006178,0.0009431359993821955,True
1,1,0.015227534079137572,0.9847724659208624,True
-1,-1,0.7084187171336596,0.29158128286634044,True
-1,-1,0.9993578043818644,0.0006421956181356547,True
1,1,0.003847226817540794,0.9961527731824592,True
-1,-1,0.9984306470058484,0.0015693529941516041,True
1,-1,0.6730647845328981,0.32693521546710186,False
1,1,0.0016767766285054053,0.9983232233714946,True
-1,-1,0.9997345520929252,0.0002654479070748429,True
-1,-1,0.8306927221552087,0.1693072778447913,True
1,1,0.025971049513501487,0.9740289504864985,True
-1,-1,0.8653940081914736,0.13460599180852642,True
-1,-1,0.9993393558285613,0.0006606441714387392,True
1,1,0.44377231993268285,0.5562276800673172,True
-1,-1,0.9040412269746451,0.09595877302535492,True
1,1,0.2521401686720285,0.7478598313279715,True
1,1,0.0019424257808585699,0.9980575742191414,True
1,1,0.01830400083027206,0.9816959991697279,True
-1,-1,0.929675658565073,0.07032434143492708,True
1,1,0.0017468812265745148,0.9982531187734255,True
-1,-1,0.9109075605196248,0.08909243948037515,True
-1,-1,0.9377111118266089,0.06228888817339104,True
-1,-1,0.9958006911743148,0.004199308825685234,True
1,1,0.0005599786990305722,0.9994400213009694,True
1,1,0.2222327061617526,0.7777672938382474,True
1,1,0.03444139693009318,0.9655586030699068,True
1,1,0.021492965455793822,0.9785070345442062,True
-1,-1,0.9980091974339869,0.0019908025660131333,True
-1,-1,0.989856949929334,0.01014305007066595,True
-1,-1,0.9996694265094975,0.00033057349050246066,True
-1,-1,0.9982115774966209,0.0017884225033791112,True
-1,-1,0.9999152839811425,8.471601885745984e-05,True
-1,-1,0.9997666057634786,0.00023339423652133794,True
-1,-1,0.9985834162344208,0.001416583765579215,True
1,1,0.0013766792220067936,0.9986233207779932,True
1,1,0.0017960620029672247,0.9982039379970328,True
1,1,0.0016675562478202233,0.9983324437521798,True
1,1,0.0016907222031914415,0.9983092777968086,True
-1,-1,0.9991210264427139,0.000878973557286026,True
-1,-1,0.7671251849332765,0.23287481506672342,True
-1,-1,0.9923635074261979,0.007636492573802059,True
1,-1,0.8214249758089329,0.17857502419106702,False
1,1,0.031384246727465204,0.9686157532725348,True
1,1,0.0023278887451638752,0.9976721112548361,True
1,1,0.13677578006116575,0.8632242199388342,True
-1,-1,0.8874396758862297,0.11256032411377025,True
1,1,0.04653928202328883,0.9534607179767112,True
1,1,0.01032202069016952,0.9896779793098305,True
1,1,0.057450364730381565,0.9425496352696184,True
-1,-1,0.9960188780940511,0.0039811219059488956,True
1,1,0.001714948377556702,0.9982850516224433,True
-1,-1,0.8462310306976593,0.15376896930234077,True
-1,-1,0.9989285144106151,0.0010714855893848502,True
1,1,0.3751743774216958,0.6248256225783042,True
-1,-1,0.9989672569157912,0.0010327430842087286,True
1,1,0.047810579099540895,0.9521894209004591,True
-1,-1,0.9998398329691456,0.00016016703085439883,True
1,1,0.05003641857553742,0.9499635814244626,True
-1,-1,0.9982273464480019,0.0017726535519980739,True
1,1,0.02179722010587215,0.9782027798941278,True
-1,-1,0.9728371875032958,0.027162812496704183,True
-1,-1,0.9793227796834026,0.020677220316597324,True
-1,1,0.2218002373932968,0.7781997626067032,False
-1,-1,0.8341859563185907,0.1658140436814093,True
1,1,0.0008794695588094648,0.9991205304411905,True
1,1,0.09948066047686288,0.9005193395231371,True
1,-1,0.7710789559211341,0.22892104407886593,False
-1,-1,0.9986022452804002,0.0013977547195998035,True
-1,-1,0.9992439704157908,0.0007560295842092107,True
1,1,0.0025411930149400463,0.99745880698506,True
-1,-1,0.9974471394608846,0.002552860539115451,True
-1,-1,0.9992886451258134,0.0007113548741865598,True
-1,-1,0.9993160710896325,0.0006839289103674725,True
-1,-1,0.9983821777925622,0.0016178222074377563,True
1,1,0.4933557700253476,0.5066442299746524,True
1,1,0.0628263250413802,0.9371736749586198,True
-1,-1,0.99946509077477,0.0005349092252300335,True
1,1,0.040031898013886735,0.9599681019861133,True
-1,-1,0.9994099439221323,0.0005900560778677043,True
1,1,0.38247522370152265,0.6175247762984774,True
1,1,0.045191218453233595,0.9548087815467664,True
-1,-1,0.8760292853995411,0.12397071460045893,True
1,1,0.03223476521662583,0.9677652347833742,True
-1,-1,0.9968125198588252,0.003187480141174711,True
1,1,0.0018047520619981494,0.9981952479380019,True
-1,-1,0.9998051633558365,0.0001948366441635616,True
-1,-1,0.9992460708710703,0.0007539291289297288,True
-1,-1,0.7660903564252937,0.2339096435747064,True
1,1,0.23471499446560884,0.7652850055343912,True
-1,-1,0.9993573392637616,0.0006426607362383864,True
1,1,0.005814938148977045,0.994185061851023,True
1,1,0.04135493737690554,0.9586450626230945,True
1,1,0.0012424206939813942,0.9987575793060186,True
-1,-1,0.747765430431216,0.252234569568784,True
1,1,0.12776804680569276,0.8722319531943072,True
1,1,0.002708215453496865,0.9972917845465031,True
1,1,0.0028172703338212868,0.9971827296661787,True
1,1,0.0024671839774669246,0.9975328160225331,True
-1,1,0.1917115444115658,0.8082884555884342,False
1,1,0.0035584748500212537,0.9964415251499787,True
-1,-1,0.9980823580851975,0.0019176419148025316,True
-1,-1,0.9996729703639712,0.0003270296360288664,True
1,1,0.006104327155372791,0.9938956728446272,True
1,1,0.1623287457523669,0.8376712542476331,True
1,1,0.0019327396211576975,0.9980672603788423,True
-1,-1,0.9991509542447959,0.0008490457552040704,True
-1,-1,0.950811220277387,0.049188779722613006,True
1,1,0.003243054153443725,0.9967569458465563,True
-1,-1,0.6798807456034736,0.32011925439652644,True
1,1,0.0018503027023945018,0.9981496972976055,True
-1,-1,0.950734509689799,0.049265490310200964,True
1,1,0.0586017343365236,0.9413982656634764,True
-1,-1,0.9982480213815722,0.0017519786184277614,True
1,1,0.015496011920198893,0.9845039880798011,True
-1,-1,0.9995955946831517,0.00040440531684821204,True
-1,-1,0.9976776763908582,0.002322323609141719,True
1,1,0.037871027351940256,0.9621289726480597,True
1,-1,0.7616739077159217,0.23832609228407833,False
-1,-1,0.9991022896037653,0.0008977103962346252,True
1,1,0.006042410370387108,0.9939575896296129,True
1,1,0.001422270818598026,0.998577729181402,True
-1,-1,0.9919625759530306,0.008037424046969402,True
-1,-1,0.998596782014902,0.0014032179850980444,True
-1,-1,0.9995120356261056,0.00048796437389447134,True
-1,-1,0.9996108985539476,0.0003891014460524014,True
-1,-1,0.9968984268877344,0.003101573112265547,True
1,1,0.03558291920695977,0.9644170807930402,True
-1,-1,0.9917292344956429,0.008270765504357142,True
-1,-1,0.9951908288149186,0.004809171185081386,True
1,1,0.0068018737673964935,0.9931981262326035,True
-1,-1,0.9994905397539804,0.0005094602460196346,True
1,1,0.0014966698982193938,0.9985033301017806,True
1,1,0.005905250518685623,0.9940947494813144,True
1,1,0.3962521232712254,0.6037478767287746,True
-1,1,0.426383509647686,0.573616490352314,False
1,1,0.08850120187878074,0.9114987981212193,True
1,1,0.008819943751758541,0.9911800562482415,True
1,1,0.0021237709016517226,0.9978762290983483,True
-1,-1,0.9832355433754362,0.01676445662456382,True
1,1,0.05100816564605515,0.9489918343539449,True
1,1,0.002160472888302012,0.997839527111698,True
-1,-1,0.998386914106962,0.0016130858930380157,True
-1,-1,0.9992278765424745,0.0007721234575255721,True
1,1,0.11193744684980989,0.8880625531501901,True
1,-1,0.688420640406344,0.31157935959365607,False
-1,-1,0.6689614797948704,0.3310385202051295,True
-1,-1,0.9998127965458495,0.00018720345415042865,True
-1,-1,0.9987547788351007,0.0012452211648993372,True
-1,-1,0.9909807417570714,0.009019258242928619,True
1,1,0.06565863175276487,0.9343413682472351,True
-1,-1,0.999586900892862,0.0004130991071380531,True
1,1,0.0013142832799540871,0.9986857167200459,True
1,1,0.0018369402190703266,0.9981630597809297,True
1,1,0.004928697784977509,0.9950713022150225,True
-1,-1,0.9586433241330926,0.041356675866907396,True
-1,-1,0.988865950923797,0.011134049076202973,True
-1,-1,0.9765804765552952,0.023419523444704812,True
-1,-1,0.9993456880204065,0.0006543119795934975,True
1,1,0.004513066094673501,0.9954869339053265,True
1,1,0.0006129605784699343,0.9993870394215301,True
-1,-1,0.9982680432770092,0.001731956722990803,True
-1,1,0.34051108761593085,0.6594889123840691,False
1,-1,0.5204213576438403,0.4795786423561597,False
1,1,0.005861539503377311,0.9941384604966227,True
-1,-1,0.9924789602911697,0.007521039708830329,True
1,1,0.0029356755422464964,0.9970643244577535,True
-1,-1,0.830488992876394,0.16951100712360598,True
1,1,0.2909191065665633,0.7090808934334367,True
-1,-1,0.9983381051409124,0.0016618948590876252,True
-1,-1,0.9988327096812301,0.0011672903187699634,True
1,1,0.001088190403940703,0.9989118095960593,True
1,1,0.0011848480132925499,0.9988151519867075,True
-1,-1,0.9999349043981789,6.509560182106348e-05,True
1,1,0.013223196472304855,0.9867768035276951,True
-1,-1,0.9949736702221369,0.0050263297778631024,True
1,1,0.00151290272662008,0.9984870972733799,True
1,1,0.0019110223016615135,0.9980889776983385,True
-1,-1,0.9994957800963307,0.0005042199036693503,True
1,1,0.07889646037793419,0.9211035396220658,True
-1,-1,0.9665583028482088,0.03344169715179122,True
1,1,0.16067502612496243,0.8393249738750376,True
-1,-1,0.6409871950805555,0.3590128049194445,True
1,1,0.006295495388651928,0.9937045046113481,True
-1,-1,0.9643859061765817,0.03561409382341827,True
1,1,0.0006652202616018732,0.9993347797383981,True
1,1,0.046320335991660744,0.9536796640083393,True
-1,-1,0.9984117632424653,0.0015882367575347082,True
-1,-1,0.6835359233944558,0.31646407660554426,True
1,1,0.002978714717429609,0.9970212852825704,True
-1,-1,0.9744046408565267,0.02559535914347333,True
-1,-1,0.9974874972677419,0.002512502732258093,True
1,1,0.3663271391140559,0.6336728608859441,True
-1,-1,0.9976307018178167,0.0023692981821833094,True
-1,-1,0.9994381132775836,0.0005618867224164231,True
-1,-1,0.9997893770240445,0.00021062297595547704,True
1,1,0.0007221115873367046,0.9992778884126633,True
1,1,0.0026870651678170265,0.997312934832183,True
1,1,0.04824303435043864,0.9517569656495614,True
1,1,0.008842478676480692,0.9911575213235193,True
1,1,0.0035020499844555797,0.9964979500155444,True
1,1,0.019488831184686917,0.9805111688153131,True
-1,-1,0.9900002441105911,0.00999975588940897,True
-1,-1,0.9991806777781657,0.000819322221834381,True
-1,-1,0.9959024196947021,0.004097580305297967,True
-1,-1,0.9996072772055553,0.0003927227944446675,True
1,1,0.002789996103343184,0.9972100038966568,True
1,1,0.005882117213460547,0.9941178827865395,True
-1,-1,0.9982470696334961,0.001752930366503902,True
1,1,0.0038382164587061895,0.9961617835412938,True
-1,-1,0.7846012954913619,0.21539870450863813,True
-1,-1,0.9995367201739657,0.0004632798260343881,True
1,1,0.060421634978011673,0.9395783650219883,True
-1,-1,0.9985163633268356,0.001483636673164376,True
-1,-1,0.9803404050609278,0.019659594939072225,True
-1,-1,0.999187359839039,0.0008126401609610621,True
-1,-1,0.9988990761837263,0.0011009238162737424,True
1,1,0.01723795437027098,0.982762045629729,True
1,1,0.014907584782356764,0.9850924152176432,True
1,1,0.22116521659676924,0.7788347834032308,True
-1,-1,0.9889017248950916,0.0110982751049084,True
1,1,0.00406095214760005,0.9959390478524,True
1,1,0.00792236164881066,0.9920776383511893,True
-1,-1,0.9919022942684098,0.008097705731590145,True
-1,-1,0.9982599762399784,0.0017400237600215993,True
1,1,0.006689010134762863,0.9933109898652371,True
-1,-1,0.9910699390895849,0.008930060910415137,True
1,1,0.006028602215534251,0.9939713977844657,True
-1,-1,0.9970616387940746,0.002938361205925346,True
1,1,0.15634486743504206,0.8436551325649579,True
-1,-1,0.99018641915858,0.009813580841420031,True
-1,-1,0.9999020488614427,9.79511385572713e-05,True
-1,-1,0.9989402510324213,0.0010597489675786224,True
1,1,0.11324059087074256,0.8867594091292574,True
1,1,0.00201051441338429,0.9979894855866157,True
1,1,0.000551218857818947,0.999448781142181,True
1,-1,0.545171616866664,0.454828383133336,False
1,1,0.01636956532198619,0.9836304346780138,True
1,1,0.01388532303385992,0.9861146769661401,True
-1,-1,0.9985261093626591,0.0014738906373409067,True
-1,-1,0.7558267605746537,0.2441732394253463,True
-1,-1,0.9998559158105821,0.00014408418941797005,True
-1,-1,0.999384002423388,0.0006159975766119822,True
-1,-1,0.6170587119442044,0.38294128805579564,True
-1,-1,0.999922814080545,7.718591945506756e-05,True
-1,-1,0.993037803989234,0.0069621960107659215,True
1,1,0.009800888186518919,0.9901991118134811,True
1,1,0.041484089034639404,0.9585159109653606,True
-1,-1,0.999365069363367,0.0006349306366329646,True
1,1,0.006242130044793681,0.9937578699552063,True
-1,-1,0.99958737267548,0.0004126273245199557,True
-1,1,0.4429584227288428,0.5570415772711572,False
-1,-1,0.8710729826306821,0.1289270173693179,True
1,1,0.002735231516624026,0.997264768483376,True
-1,-1,0.9998199813646792,0.0001800186353208201,True
-1,-1,0.9993391425448601,0.000660857455139938,True
1,1,0.0037172440534274376,0.9962827559465726,True
1,1,0.26024630730342413,0.7397536926965759,True
1,1,0.039662320804938145,0.9603376791950619,True
1,1,0.008165126299109704,0.9918348737008903,True
1,1,0.19186908369092026,0.8081309163090797,True
-1,-1,0.9997482701750763,0.0002517298249237118,True
-1,-1,0.5016739307993263,0.4983260692006736,True
1,1,0.0019546404579335874,0.9980453595420664,True
1,1,0.0010724497015707213,0.9989275502984293,True
-1,-1,0.7963245307871104,0.20367546921288956,True
1,1,0.02664897796022525,0.9733510220397747,True
-1,-1,0.9552166194610611,0.044783380538938926,True
1,1,0.0023296816331322967,0.9976703183668677,True
1,1,0.021491444640249213,0.9785085553597508,True
-1,-1,0.9993529070180417,0.0006470929819583393,True
1,1,0.0014257265887230863,0.9985742734112769,True
-1,-1,0.5320968691584143,0.4679031308415858,True
1,1,0.002841056326091551,0.9971589436739084,True
-1,-1,0.9827854931432446,0.01721450685675544,True
1,1,0.00459556901447411,0.9954044309855259,True
-1,-1,0.9965017962389799,0.0034982037610200127,True
-1,-1,0.8802488055663384,0.11975119443366154,True
-1,1,0.3636925553609698,0.6363074446390302,False
1,1,0.02000875022530879,0.9799912497746912,True
1,1,0.010318579600124944,0.9896814203998751,True
1,1,0.08648161510455454,0.9135183848954455,True
1,-1,0.8412046397585566,0.1587953602414433,False
1,1,0.0021239243702730892,0.9978760756297269,True
1,1,0.030710086911795997,0.969289913088204,True
1,1,0.008422605288116558,0.9915773947118834,True
1,-1,0.5653212381551054,0.4346787618448946,False
1,1,0.010966000309382551,0.9890339996906174,True
-1,-1,0.9997743150973545,0.000225684902645524,True
1,1,0.015956705497042423,0.9840432945029576,True
1,1,0.017053701673982236,0.9829462983260178,True
-1,-1,0.9992954623789467,0.0007045376210532595,True
1,1,0.0013315487359145672,0.9986684512640854,True
1,1,0.0021894261767170242,0.997810573823283,True
-1,-1,0.7322401831309769,0.26775981686902306,True
1,1,0.00220772856670004,0.9977922714333,True
1,1,0.05466354959429809,0.9453364504057019,True
1,1,0.0030384683827892056,0.9969615316172108,True
-1,-1,0.968554581949205,0.03144541805079504,True
1,1,0.021851665823542366,0.9781483341764576,True
1,1,0.0015950122954944135,0.9984049877045056,True
1,1,0.002657634438672396,0.9973423655613276,True
-1,-1,0.9998337451953048,0.00016625480469527657,True
-1,-1,0.7871881618672505,0.21281183813274945,True
1,1,0.001057937198330805,0.9989420628016692,True
-1,-1,0.9983566195097097,0.0016433804902902982,True
-1,1,0.43005486029085016,0.5699451397091498,False
-1,-1,0.9992595981470095,0.0007404018529905268,True
-1,-1,0.998956681003393,0.0010433189966070058,True
1,1,0.0022021766990526492,0.9977978233009474,True
-1,-1,0.9988996211915356,0.001100378808464363,True
-1,-1,0.9976088508382925,0.0023911491617074573,True
-1,-1,0.9990875455634293,0.0009124544365707849,True
-1,-1,0.9992047677067606,0.0007952322932394377,True
1,1,0.13366437288583133,0.8663356271141687,True
1,1,0.0042022680663643674,0.9957977319336356,True
-1,-1,0.9996224078552346,0.00037759214476542946,True
-1,-1,0.9975558976437466,0.002444102356253389,True
-1,-1,0.9987173648075405,0.0012826351924595716,True
1,1,0.03816401738813169,0.9618359826118683,True
-1,-1,0.9873629738459753,0.012637026154024731,True
-1,-1,0.9993353034233848,0.0006646965766151925,True
-1,-1,0.9981151678934334,0.0018848321065666864,True
1,1,0.002038551922820764,0.9979614480771792,True
1,1,0.030339197421926367,0.9696608025780736,True
-1,-1,0.999836139794319,0.0001638602056809927,True
1,1,0.00990126030685845,0.9900987396931415,True
-1,-1,0.9997706651226868,0.00022933487731319942,True
1,1,0.0028450505426356187,0.9971549494573644,True
1,1,0.002172451060024727,0.9978275489399753,True
-1,-1,0.998784512209911,0.0012154877900889336,True
-1,-1,0.9907635711822352,0.00923642881776471,True
1,1,0.003371443251178441,0.9966285567488216,True
-1,-1,0.9929453492875349,0.007054650712465124,True
-1,-1,0.9997169607219244,0.00028303927807560287,True
1,1,0.06416726062288602,0.935832739377114,True
1,1,0.0021758262968130104,0.997824173703187,True
-1,-1,0.7884667823682802,0.2115332176317198,True
1,-1,0.6072896920749133,0.3927103079250866,False
-1,-1,0.9603795950378906,0.03962040496210942,True
-1,-1,0.9996758024914902,0.0003241975085097307,True
1,1,0.0053354890943833055,0.9946645109056167,True
1,1,0.0015316788721890795,0.9984683211278109,True
1,1,0.4362212313583066,0.5637787686416934,True
1,1,0.12376508730688263,0.8762349126931174,True
-1,-1,0.999911855150813,8.814484918694501e-05,True
1,1,0.00484588728986024,0.9951541127101398,True
-1,-1,0.9986805670330704,0.00131943296692963,True
1,1,0.00374048854717679,0.9962595114528232,True
1,1,0.0061011287670237335,0.9938988712329763,True
1,1,0.0017069771965038116,0.9982930228034962,True
1,1,0.004258328191970362,0.9957416718080296,True
1,1,0.008440184048083665,0.9915598159519163,True
1,1,0.00483147671377715,0.9951685232862229,True
-1,1,0.15460019281360626,0.8453998071863937,False
1,1,0.0020111420813606617,0.9979888579186393,True
-1,-1,0.5600351352249437,0.4399648647750563,True
1,1,0.005877333276634533,0.9941226667233655,True
1,1,0.07525858164430499,0.924741418355695,True
-1,-1,0.9962036838765806,0.003796316123419342,True
-1,-1,0.9264931764696391,0.07350682353036087,True
1,1,0.04815466068845908,0.9518453393115409,True
1,1,0.021990689766478888,0.9780093102335211,True
1,1,0.01412094312615364,0.9858790568738464,True
1,1,0.15514039229401722,0.8448596077059828,True
-1,-1,0.9996701369623532,0.00032986303764678457,True
-1,-1,0.9977995725720802,0.0022004274279197643,True
-1,-1,0.5400669515712841,0.4599330484287158,True
1,1,0.011286660123016379,0.9887133398769836,True
-1,-1,0.8825374928833617,0.11746250711663835,True
-1,-1,0.997322274513591,0.0026777254864089333,True
-1,-1,0.9993955079083225,0.0006044920916775064,True
1,1,0.00340774951169609,0.9965922504883039,True
1,1,0.011783428229033444,0.9882165717709666,True
-1,-1,0.9508288874763468,0.04917111252365327,True
1,1,0.002210922448527608,0.9977890775514724,True
-1,-1,0.9820468434084441,0.01795315659155595,True
1,1,0.0850417875110141,0.9149582124889859,True
-1,-1,0.9987904493375034,0.0012095506624965919,True
-1,-1,0.9993794781770458,0.0006205218229542523,True
1,1,0.21175852579956334,0.7882414742004367,True
1,1,0.006266617359775073,0.9937333826402249,True
1,1,0.03980676286361018,0.9601932371363898,True
1,1,0.004881179163648164,0.9951188208363518,True
1,1,0.007429795767053049,0.992570204232947,True
-1,-1,0.9997248198803538,0.00027518011964626157,True
1,1,0.07547409680574313,0.9245259031942569,True
-1,-1,0.7314213372826808,0.2685786627173193,True
-1,-1,0.9980964334431449,0.0019035665568550978,True
1,1,0.0011387563656560795,0.9988612436343439,True
-1,-1,0.9997890506753745,0.00021094932462554508,True
1,1,0.004282564322385052,0.995717435677615,True
1,-1,0.8956438930567258,0.1043561069432742,False
-1,-1,0.9731837946163509,0.02681620538364919,True
-1,-1,0.8268874244826867,0.17311257551731324,True
-1,-1,0.9980871341537972,0.0019128658462028,True
-1,-1,0.5287105951419918,0.4712894048580082,True
-1,-1,0.6931063507453287,0.30689364925467133,True
1,1,0.0038297041864344683,0.9961702958135655,True
1,1,0.0019378461102912414,0.9980621538897088,True
-1,-1,0.9976224862177069,0.002377513782293128,True
-1,-1,0.8508029855650479,0.14919701443495212,True
1,1,0.03493119056500682,0.9650688094349932,True
-1,-1,0.998875212429055,0.0011247875709449941,True
-1,-1,0.9671521266043457,0.03284787339565435,True
1,1,0.003050843224169153,0.9969491567758308,True
1,-1,0.9506333311662384,0.04936666883376163,False
-1,-1,0.990453758613715,0.009546241386284997,True
-1,-1,0.9996166632453346,0.0003833367546653676,True
-1,-1,0.9962187144592084,0.0037812855407916143,True
-1,-1,0.9979198004532017,0.0020801995467982625,True
-1,-1,0.9994821062303222,0.000517893769677855,True
1,1,0.0025291421492371624,0.9974708578507628,True
-1,-1,0.9991948866302443,0.0008051133697557699,True
1,1,0.012705502885354991,0.987294497114645,True
-1,-1,0.9122095850345774,0.08779041496542263,True
-1,-1,0.9993671404256441,0.0006328595743558616,True
-1,-1,0.9976821121612882,0.002317887838711826,True
-1,-1,0.9993595415297523,0.0006404584702476972,True
1,1,0.10330474933264333,0.8966952506673567,True
1,1,0.008033089775278945,0.991966910224721,True
-1,-1,0.799266186959571,0.20073381304042906,True
-1,-1,0.999503735462479,0.0004962645375210212,True
1,1,0.020626540014120787,0.9793734599858792,True
-1,-1,0.999554874130519,0.00044512586948092985,True
1,1,0.04900394281722731,0.9509960571827727,True
1,1,0.0009708450751276798,0.9990291549248723,True
1,-1,0.6096448522049253,0.39035514779507474,False
-1,1,0.3600592581549712,0.6399407418450288,False
1,1,0.0011254802588559487,0.998874519741144,True
-1,-1,0.9988750451758703,0.0011249548241296747,True
1,1,0.009054015477614308,0.9909459845223857,True
-1,-1,0.9981291570350552,0.0018708429649447844,True
1,1,0.016413437941622422,0.9835865620583776,True
1,1,0.04228864024370238,0.9577113597562976,True
1,1,0.008631793034053592,0.9913682069659464,True
-1,1,0.4259766646847134,0.5740233353152866,False
-1,-1,0.641838265844114,0.358161734155886,True
-1,-1,0.9996602068737461,0.00033979312625391945,True
1,1,0.006087049042150072,0.9939129509578499,True
1,1,0.0017363693922735068,0.9982636306077265,True
1,1,0.007761019935354052,0.992238980064646,True
-1,-1,0.9992729446477309,0.0007270553522691279,True
-1,-1,0.9953605038886735,0.004639496111326478,True
-1,-1,0.9999032081409055,9.67918590945069e-05,True
1,1,0.002210804624388052,0.997789195375612,True
-1,-1,0.9982081416326433,0.001791858367356777,True
1,1,0.0015972001539255043,0.9984027998460745,True
1,1,0.040584598095128155,0.9594154019048718,True
1,1,0.02459806415923793,0.9754019358407621,True
1,1,0.003155844999006563,0.9968441550009934,True
1,1,0.00409255335116665,0.9959074466488333,True
1,1,0.0008451552644399563,0.99915484473556,True
-1,-1,0.9966589566022067,0.003341043397793252,True
1,1,0.028419027439633093,0.9715809725603669,True
1,1,0.03916353687453755,0.9608364631254624,True
-1,-1,0.9997504473885624,0.0002495526114375744,True
-1,-1,0.9995815960385745,0.0004184039614254802,True
1,1,0.16188430595441594,0.8381156940455841,True
-1,-1,0.9993653301119025,0.0006346698880974232,True
-1,-1,0.9970396740285913,0.0029603259714086807,True
-1,-1,0.9996090277990245,0.00039097220097551445,True
1,1,0.004161294760105849,0.9958387052398942,True
1,1,0.017994030697902175,0.9820059693020978,True
-1,-1,0.9944703675025548,0.005529632497445222,True
-1,-1,0.9996607233671425,0.00033927663285745915,True
1,1,0.34923368300886626,0.6507663169911337,True
-1,-1,0.999806978624479,0.00019302137552104713,True
-1,-1,0.9981046001611429,0.00189539983885706,True
1,1,0.2188519279668918,0.7811480720331082,True
1,1,0.0020422954554125683,0.9979577045445874,True
-1,-1,0.8263064020155291,0.17369359798447087,True
1,1,0.004044684707943391,0.9959553152920566,True
-1,-1,0.9027094959296796,0.09729050407032037,True
1,1,0.05031096940822455,0.9496890305917755,True
1,1,0.002203693453366462,0.9977963065466335,True
1,1,0.2205443365356965,0.7794556634643035,True
-1,-1,0.9949356980158625,0.0050643019841375685,True
-1,-1,0.9995115027025107,0.0004884972974893164,True
1,1,0.0017536216967417584,0.9982463783032582,True
-1,-1,0.9996701655661052,0.00032983443389475697,True
-1,-1,0.8916584033057695,0.10834159669423053,True
-1,-1,0.8507096345888083,0.14929036541119164,True
-1,-1,0.998449452695812,0.0015505473041879908,True
1,1,0.2123577453214862,0.7876422546785138,True
-1,-1,0.9993893535586061,0.0006106464413938447,True
1,1,0.0013171112535226293,0.9986828887464774,True
1,1,0.002088821896592874,0.9979111781034071,True
-1,-1,0.9944168902276724,0.005583109772327536,True
1,1,0.0016249186445707053,0.9983750813554293,True
-1,-1,0.9985225677467178,0.0014774322532822629,True
-1,-1,0.9953858716000139,0.0046141283999861,True
-1,-1,0.9990972356084308,0.0009027643915692152,True
1,1,0.0014612230604421628,0.9985387769395578,True
1,1,0.003288361999057021,0.996711638000943,True
-1,-1,0.9996787299368648,0.00032127006313514904,True
-1,-1,0.9989533598354484,0.0010466401645516312,True
-1,-1,0.9986034697362708,0.0013965302637291737,True
-1,-1,0.999871797962002,0.00012820203799797562,True
-1,-1,0.9895709912285449,0.010429008771455176,True
-1,-1,0.9995704778096127,0.00042952219038730623,True
1,1,0.17082908291793908,0.8291709170820609,True
-1,-1,0.8688018159124709,0.13119818408752915,True
1,1,0.0016700834104695916,0.9983299165895304,True
1,1,0.0026277307949762463,0.9973722692050238,True
-1,-1,0.9993634773515297,0.0006365226484702734,True
1,-1,0.5459360370300793,0.4540639629699207,False
1,1,0.011207088401269605,0.9887929115987304,True
-1,-1,0.9986355668820797,0.001364433117920367,True
1,1,0.0036652206867444637,0.9963347793132555,True
-1,-1,0.9921372412508687,0.00786275874913131,True
1,1,0.004775659520803277,0.9952243404791967,True
1,1,0.0005530065696045527,0.9994469934303954,True
1,1,0.05690685109996663,0.9430931489000334,True
1,1,0.17461236520845103,0.825387634791549,True
-1,-1,0.9994721116337048,0.0005278883662952904,True
1,1,0.0009777248875028066,0.9990222751124972,True
-1,-1,0.9993382416650451,0.00066175833495489,True
-1,-1,0.9623448489281874,0.03765515107181261,True
-1,-1,0.9999120661446347,8.79338553653475e-05,True
1,1,0.07170913681440694,0.9282908631855931,True
1,1,0.0038770239302430287,0.996122976069757,True
-1,-1,0.9962563129541273,0.0037436870458727105,True
1,1,0.002081026497274485,0.9979189735027255,True
1,1,0.09180299911834322,0.9081970008816568,True
1,1,0.0051652192236323335,0.9948347807763677,True
-1,-1,0.9998250887235329,0.00017491127646710318,True
1,1,0.0012297787820918504,0.9987702212179081,True
-1,-1,0.9843681134393825,0.015631886560617498,True
1,-1,0.7989093716285134,0.20109062837148656,False
1,1,0.4581600455157283,0.5418399544842717,True
-1,-1,0.9983109614068625,0.0016890385931375477,True
-1,-1,0.9190274290205912,0.0809725709794088,True
1,1,0.007610133633628391,0.9923898663663716,True
1,1,0.37586788305967345,0.6241321169403266,True
-1,-1,0.8697325165939416,0.13026748340605848,True
1,1,0.004624960251121357,0.9953750397488786,True
1,1,0.016079505226585522,0.9839204947734145,True
-1,-1,0.9967442431416729,0.003255756858327155,True
1,1,0.001601450360711576,0.9983985496392884,True
1,1,0.0046619402384322495,0.9953380597615678,True
-1,-1,0.9990767722842429,0.000923227715757202,True
1,1,0.006767837053536563,0.9932321629464634,True
1,1,0.016080446751574162,0.9839195532484258,True
1,1,0.002636355512560473,0.9973636444874395,True
-1,-1,0.9996932618868788,0.0003067381131212511,True
1,1,0.20970187110900407,0.7902981288909959,True
1,1,0.41342440759249377,0.5865755924075062,True
1,1,0.008849984452470316,0.9911500155475297,True
-1,-1,0.9993263899085841,0.0006736100914158167,True
-1,-1,0.9993140854148086,0.0006859145851913774,True
1,1,0.055978980936433054,0.944021019063567,True
-1,-1,0.9892155435126361,0.010784456487363873,True
-1,-1,0.9740313409907461,0.025968659009253887,True
1,-1,0.7883982452590524,0.21160175474094756,False
1,-1,0.8712620764665664,0.1287379235334336,False
-1,-1,0.7705567021024293,0.22944329789757065,True
-1,-1,0.9828041984918564,0.017195801508143593,True
1,1,0.002682976091726408,0.9973170239082736,True
-1,-1,0.9975016515753702,0.0024983484246298175,True
1,1,0.0017174059563273003,0.9982825940436727,True
1,1,0.16967920922359536,0.8303207907764046,True
-1,-1,0.9507349086610701,0.04926509133892981,True
-1,-1,0.931059152105142,0.06894084789485799,True
-1,-1,0.564432892215025,0.43556710778497504,True
1,1,0.001448633020688761,0.9985513669793112,True
1,1,0.004913870746676485,0.9950861292533235,True
-1,-1,0.9988836373954875,0.0011163626045125855,True
-1,-1,0.82970155691229,0.17029844308771003,True
1,1,0.007806426534034738,0.9921935734659653,True
-1,-1,0.8799246298187442,0.12007537018125582,True
-1,-1,0.9994270916426091,0.000572908357390886,True
1,-1,0.764142959842498,0.23585704015750192,False
-1,-1,0.9993176083276988,0.000682391672301195,True
-1,-1,0.999660069711781,0.00033993028821904055,True
-1,-1,0.9977836752265872,0.0022163247734127735,True
1,-1,0.7693797261376271,0.23062027386237294,False
-1,-1,0.973749011382014,0.02625098861798603,True
1,1,0.06962123961685762,0.9303787603831424,True
